{
  "name": "Roca",
  "uuid": "003e2127-5d62-46af-8ae1-7dc7efcfa3ae",
  "coordinates_json": {"leftEye":[-0.231201171875,0.027167426215277776],"rightEye":[0.1884765625,0.007595486111111111],"mouth":[-0.045654296875,-0.18812391493055555],"mouthLeft":[-0.103515625,-0.22224934895833334],"mouthRight":[0.010986328125,-0.2292751736111111],"headTop":[0.017578125,0.3353000217013889],"headRight":[0.3369140625,0.006089952256944444],"headBottom":[-0.07373046875,-0.3893636067708333],"headLeft":[-0.352294921875,-0.010972764756944444]},
  "mouth_color": [0.023529411764705882, 0.00392156862745098, 0.00392156862745098]
}
