{
    "name": "Turbo Blaster",
    "uuid": "81caa5bd-f94b-4808-9d68-4d09f3945545",
    "coordinates_json": {
        "leftEye": [
            0.04,
            0.013333333333333334
        ],
        "rightEye": [
            0.26,
            0.04133333333333333
        ],
        "mouth": [
            0.18933333333333333,
            -0.26666666666666666
        ],
        "mouthLeft": [
            0.124,
            -0.2653333333333333
        ],
        "mouthRight": [
            0.25866666666666666,
            -0.24
        ],
        "headTop": [
            0.10933333333333334,
            0.364
        ],
        "headRight": [
            0.42533333333333334,
            0.008
        ],
        "headBottom": [
            0.20533333333333334,
            -0.2613333333333333
        ],
        "headLeft": [
            -0.15866666666666668,
            -0.15066666666666667
        ]
    },
    "mouth_color": [
        0.1568627450980392,
        0.01568627450980392,
        0.01568627450980392
    ]
}