{
  "name": "Marley",
  "uuid": "721c860d-9dde-4a59-83c0-a43ed9a3e114",
  "coordinates_json": {
    "leftEye": [-0.152099609375, 0.1476101345486111],
    "rightEye": [0.128662109375, 0.1491156684027778],
    "mouth": [-0.02392578125, -0.1886257595486111],
    "mouthLeft": [-0.087158203125, -0.2167290581597222],
    "mouthRight": [0.03515625, -0.210205078125],
    "headTop": [0.0, 0.4],
    "headRight": [0.3, 0.0],
    "headBottom": [0.0, -0.4],
    "headLeft": [-0.3, 0.0]
  },
  "mouth_color": [
    0.25882352941176473,
    0.027450980392156862,
    0.027450980392156862
  ]
}
