{
    "name": "Stella",
    "uuid": "1fc871f6-827c-4cea-90b6-3632f38050ce",
    "coordinates_json": {
        "leftEye": [
            -0.07733333333333334,
            0.06933333333333333
        ],
        "rightEye": [
            0.25733333333333336,
            0.07333333333333333
        ],
        "mouth": [
            0.16133333333333333,
            -0.32133333333333336
        ],
        "mouthLeft": [
            -0.056,
            -0.33066666666666666
        ],
        "mouthRight": [
            0.20266666666666666,
            -0.328
        ],
        "headTop": [
            0.018666666666666668,
            0.356
        ],
        "headRight": [
            0.412,
            0.05466666666666667
        ],
        "headBottom": [
            0.13866666666666666,
            -0.368
        ],
        "headLeft": [
            -0.2866666666666667,
            0.030666666666666665
        ]
    },
    "mouth_color": [
        0.00784313725490196,
        0.00392156862745098,
        0.00392156862745098
    ]
}