{
  "name": "Beo",
  "uuid": "bba82f31-8325-4d82-8db6-a2f112b74d19",
  "coordinates_json": {
    "leftEye": [-0.028564453125, 0.012613932291666666],
    "rightEye": [0.169677734375, 0.036200629340277776],
    "mouth": [0.116943359375, -0.3170979817708333],
    "mouthLeft": [-0.000244140625, -0.2538655598958333],
    "mouthRight": [0.174072265625, -0.3000352647569444],
    "headTop": [-0.014404296875, 0.3001708984375],
    "headRight": [0.228271484375, -0.1314154730902778],
    "headBottom": [0.08837890625, -0.4315185546875],
    "headLeft": [-0.2255859375, 0.0005696614583333334]
  },
  "mouth_color": [0.3568627450980392, 0.24705882352941178, 0.27058823529411763]
}
