{
    "name": "Rudy",
    "uuid": "3ded497c-b372-4564-8d29-e47019f102dc",
    "coordinates_json": {
        "leftEye": [
            -0.15066666666666667,
            0.18666666666666668
        ],
        "rightEye": [
            0.15866666666666668,
            0.16533333333333333
        ],
        "mouth": [
            0.05733333333333333,
            -0.08666666666666667
        ],
        "mouthLeft": [
            -0.04666666666666667,
            -0.14133333333333334
        ],
        "mouthRight": [
            0.12533333333333332,
            -0.144
        ],
        "headTop": [
            -0.013333333333333334,
            0.37466666666666665
        ],
        "headRight": [
            0.23466666666666666,
            0.03333333333333333
        ],
        "headBottom": [
            0.0,
            -0.2773333333333333
        ],
        "headLeft": [
            -0.25333333333333335,
            0.03333333333333333
        ]
    },
    "mouth_color": [
        0.5372549019607843,
        0.20392156862745098,
        0.20392156862745098
    ]
}