{
    "name": "Stevie",
    "uuid": "fcfce8a0-43fd-49d0-8c4b-0d5f4269b511",
    "coordinates_json": {
        "leftEye": [
            -0.228,
            0.14666666666666667
        ],
        "rightEye": [
            0.0026666666666666666,
            0.164
        ],
        "mouth": [
            -0.09866666666666667,
            -0.08266666666666667
        ],
        "mouthLeft": [
            -0.164,
            -0.10533333333333333
        ],
        "mouthRight": [
            -0.0013333333333333333,
            -0.08266666666666667
        ],
        "headTop": [
            -0.12666666666666668,
            0.3373333333333333
        ],
        "headRight": [
            0.12933333333333333,
            0.088
        ],
        "headBottom": [
            -0.10266666666666667,
            -0.152
        ],
        "headLeft": [
            -0.3,
            0.0
        ]
    },
    "mouth_color": [
        0.5568627450980392,
        0.21176470588235294,
        0.21176470588235294
    ]
}