{
    "name": "Fluffy",
    "uuid": "b0e3e2d7-c844-4296-90a3-f0f4c741499e",
    "coordinates_json": {
        "leftEye": [
            -0.037333333333333336,
            0.068
        ],
        "rightEye": [
            0.172,
            0.09866666666666667
        ],
        "mouth": [
            0.14933333333333335,
            -0.14533333333333334
        ],
        "mouthLeft": [
            0.029333333333333333,
            -0.18666666666666668
        ],
        "mouthRight": [
            0.224,
            -0.164
        ],
        "headTop": [
            0.0026666666666666666,
            0.46266666666666667
        ],
        "headRight": [
            0.376,
            0.09466666666666666
        ],
        "headBottom": [
            0.14533333333333334,
            -0.2906666666666667
        ],
        "headLeft": [
            -0.188,
            -0.004
        ]
    },
    "mouth_color": [
        0.5333333333333333,
        0.20392156862745098,
        0.20392156862745098
    ]
}