{
  "name": "Dario",
  "uuid": "ae49119b-2fba-4a43-bd9e-532830191f54",
  "coordinates_json": {
    "leftEye": [-0.140380859375, 0.007093641493055556],
    "rightEye": [0.0888671875, 0.06279839409722222],
    "mouth": [0.03125, -0.24784342447916666],
    "mouthLeft": [-0.03076171875, -0.2689208984375],
    "mouthRight": [0.0927734375, -0.24332682291666666],
    "headTop": [-0.07958984375, 0.187255859375],
    "headRight": [0.2158203125, -0.06717936197916667],
    "headBottom": [0.045166015625, -0.3095703125],
    "headLeft": [-0.2255859375, -0.1309136284722222]
  },
  "mouth_color": [
    0.023529411764705882,
    0.00392156862745098,
    0.00392156862745098
  ]
}
