{
  "name": "Carlos",
  "uuid": "fb80876e-a79f-4167-bb33-2d019ab0c36d",
  "coordinates_json": {
    "leftEye": [-0.180908203125, 0.1847466362847222],
    "rightEye": [0.091064453125, 0.16316731770833334],
    "mouth": [-0.12353515625, -0.09227159288194445],
    "mouthLeft": [-0.164794921875, -0.1344265407986111],
    "mouthRight": [-0.07177734375, -0.13292100694444445],
    "headTop": [-0.017333984375, 0.3674180772569444],
    "headRight": [0.35595703125, 0.007093641493055556],
    "headBottom": [-0.048583984375, -0.2613932291666667],
    "headLeft": [-0.349853515625, 0.021647135416666668]
  },
  "mouth_color": [0.3215686274509804, 0.12156862745098039, 0.12156862745098039]
}
