{
    "name": "Pickles",
    "uuid": "679ccf51-4815-4b30-8833-523c14e9c015",
    "coordinates_json": {
        "leftEye": [
            -0.10666666666666667,
            0.116
        ],
        "rightEye": [
            0.11866666666666667,
            0.18666666666666668
        ],
        "mouth": [
            0.116,
            -0.12933333333333333
        ],
        "mouthLeft": [
            0.024,
            -0.14666666666666667
        ],
        "mouthRight": [
            0.18533333333333332,
            -0.07733333333333334
        ],
        "headTop": [
            -0.09733333333333333,
            0.6626666666666666
        ],
        "headRight": [
            0.24,
            0.18533333333333332
        ],
        "headBottom": [
            0.136,
            -0.188
        ],
        "headLeft": [
            -0.23466666666666666,
            -0.112
        ]
    },
    "mouth_color": [
        0.4392156862745098,
        0.16470588235294117,
        0.16470588235294117
    ]
}