{
    "name": "Palmer",
    "uuid": "f466ce58-60bd-4f7f-8dae-75b2c2eda1e3",
    "coordinates_json": {
        "leftEye": [
            -0.128,
            0.04666666666666667
        ],
        "rightEye": [
            0.26666666666666666,
            0.04533333333333334
        ],
        "mouth": [
            0.042666666666666665,
            -0.13733333333333334
        ],
        "mouthLeft": [
            -0.05466666666666667,
            -0.26266666666666666
        ],
        "mouthRight": [
            0.17733333333333334,
            -0.268
        ],
        "headTop": [
            0.08133333333333333,
            0.31466666666666665
        ],
        "headRight": [
            0.38266666666666665,
            -0.029333333333333333
        ],
        "headBottom": [
            0.08666666666666667,
            -0.3506666666666667
        ],
        "headLeft": [
            -0.22,
            -0.09466666666666666
        ]
    },
    "mouth_color": [
        0.10196078431372549,
        0.0392156862745098,
        0.0392156862745098
    ]
}