{
  "name": "Lulu",
  "uuid": "e3f44532-8e3e-4fa5-bc30-585797b0a061",
  "coordinates_json": {
    "leftEye": [-0.127685546875, 0.1681857638888889],
    "rightEye": [0.091552734375, 0.1711968315972222],
    "mouth": [-0.026123046875, -0.023518880208333332],
    "mouthLeft": [-0.080810546875, -0.032050238715277776],
    "mouthRight": [0.03955078125, -0.019504123263888888],
    "headTop": [-0.02978515625, 0.4617648654513889],
    "headRight": [0.373779296875, 0.19930013020833334],
    "headBottom": [-0.018798828125, -0.1389431423611111],
    "headLeft": [-0.40087890625, 0.1998019748263889]
  },
  "mouth_color": [0.25098039215686274, 0.09411764705882353, 0.09411764705882353]
}
