{
    "name": "The Guch",
    "uuid": "91d1987f-a983-47f8-a7b9-ba7d85197c2e",
    "coordinates_json": {
        "leftEye": [
            -0.224,
            0.156
        ],
        "rightEye": [
            0.104,
            0.064
        ],
        "mouth": [
            -0.168,
            -0.06933333333333333
        ],
        "mouthLeft": [
            -0.22,
            -0.1
        ],
        "mouthRight": [
            -0.04533333333333334,
            -0.132
        ],
        "headTop": [
            0.056,
            0.3
        ],
        "headRight": [
            0.32666666666666666,
            -0.058666666666666666
        ],
        "headBottom": [
            -0.18133333333333335,
            -0.232
        ],
        "headLeft": [
            -0.232,
            -0.108
        ]
    },
    "mouth_color": [
        0.5215686274509804,
        0.36470588235294116,
        0.396078431372549
    ]
}