{
    "name": "Makai",
    "uuid": "1e8f31cc-304d-420f-94d9-6bfeb1ec7ecf",
    "coordinates_json": {
        "leftEye": [
            -0.13466666666666666,
            0.176
        ],
        "rightEye": [
            0.14666666666666667,
            0.17733333333333334
        ],
        "mouth": [
            0.044,
            -0.096
        ],
        "mouthLeft": [
            -0.06,
            -0.14133333333333334
        ],
        "mouthRight": [
            0.13333333333333333,
            -0.14533333333333334
        ],
        "headTop": [
            0.018666666666666668,
            0.372
        ],
        "headRight": [
            0.26,
            0.09066666666666667
        ],
        "headBottom": [
            0.021333333333333333,
            -0.224
        ],
        "headLeft": [
            -0.268,
            0.08533333333333333
        ]
    },
    "mouth_color": [
        0.5686274509803921,
        0.396078431372549,
        0.43137254901960786
    ]
}