{
    "name": "Graig",
    "uuid": "47c3a1ec-e747-48e7-8ffe-0f3193200a4d",
    "coordinates_json": {
        "leftEye": [
            0.009333333333333334,
            0.17066666666666666
        ],
        "rightEye": [
            0.30266666666666664,
            0.14533333333333334
        ],
        "mouth": [
            0.27066666666666667,
            -0.184
        ],
        "mouthLeft": [
            0.16933333333333334,
            -0.252
        ],
        "mouthRight": [
            0.344,
            -0.25733333333333336
        ],
        "headTop": [
            0.10666666666666667,
            0.42533333333333334
        ],
        "headRight": [
            0.4533333333333333,
            0.09333333333333334
        ],
        "headBottom": [
            0.18,
            -0.384
        ],
        "headLeft": [
            -0.25466666666666665,
            0.08133333333333333
        ]
    },
    "mouth_color": [
        0.5686274509803921,
        0.396078431372549,
        0.43137254901960786
    ]
}