{
    "name": "Potato",
    "uuid": "079ceffe-67e3-4015-b988-215bd99ccd44",
    "coordinates_json": {
        "leftEye": [
            -0.096,
            0.25466666666666665
        ],
        "rightEye": [
            0.156,
            0.272
        ],
        "mouth": [
            0.10266666666666667,
            0.024
        ],
        "mouthLeft": [
            -0.009333333333333334,
            -0.037333333333333336
        ],
        "mouthRight": [
            0.19466666666666665,
            -0.037333333333333336
        ],
        "headTop": [
            0.014666666666666666,
            0.496
        ],
        "headRight": [
            0.25466666666666665,
            0.11066666666666666
        ],
        "headBottom": [
            0.056,
            -0.12
        ],
        "headLeft": [
            -0.21066666666666667,
            0.14533333333333334
        ]
    },
    "mouth_color": [
        0.4980392156862745,
        0.18823529411764706,
        0.18823529411764706
    ]
}