{
    "name": "Bingo",
    "uuid": "cfeb7be2-3e99-4cb6-a104-e8a13f8fa0b2",
    "coordinates_json": {
        "leftEye": [
            -0.116,
            0.124
        ],
        "rightEye": [
            0.12666666666666668,
            0.14
        ],
        "mouth": [
            -0.0013333333333333333,
            -0.07466666666666667
        ],
        "mouthLeft": [
            -0.07466666666666667,
            -0.13866666666666666
        ],
        "mouthRight": [
            0.10266666666666667,
            -0.124
        ],
        "headTop": [
            0.024,
            0.2853333333333333
        ],
        "headRight": [
            0.29333333333333333,
            0.017333333333333333
        ],
        "headBottom": [
            0.014666666666666666,
            -0.17466666666666666
        ],
        "headLeft": [
            -0.21066666666666667,
            -0.014666666666666666
        ]
    },
    "mouth_color": [
        0.5568627450980392,
        0.21176470588235294,
        0.21176470588235294
    ]
}