{
  "name": "Harriet",
  "uuid": "7f599313-1149-4cf4-a5f8-8a2e23f12a6c",
  "coordinates_json": {
    "leftEye": [-0.08056640625, -0.007961697048611112],
    "rightEye": [0.138916015625, 0.049750434027777776],
    "mouth": [0.07470703125, -0.137939453125],
    "mouthLeft": [0.028076171875, -0.1615261501736111],
    "mouthRight": [0.127685546875, -0.13492838541666666],
    "headTop": [-0.0205078125, 0.2580159505208333],
    "headRight": [0.33349609375, 0.025160047743055556],
    "headBottom": [0.08984375, -0.2021755642361111],
    "headLeft": [-0.290283203125, -0.04258897569444445]
  },
  "mouth_color": [0.3215686274509804, 0.12156862745098039, 0.12156862745098039]
}
