{
  "name": "Fozzie",
  "uuid": "ad228615-8315-48dc-9bcc-43cc8311cc5f",
  "coordinates_json": {
    "leftEye": [-0.178125, 0.046875],
    "rightEye": [0.0859375, 0.0046875],
    "mouth": [-0.109375, -0.3453125],
    "mouthLeft": [-0.203125, -0.3375],
    "mouthRight": [-0.028125, -0.375],
    "headTop": [0.0, 0.4],
    "headRight": [0.365625, 0.01875],
    "headBottom": [-0.1390625, -0.434375],
    "headLeft": [-0.3890625, 0.0359375]
  },
  "mouth_color": [0.0, 0.0, 0.0]
}
