{
  "name": "Fozzie",
  "uuid": "ad228615-8315-48dc-9bcc-43cc8311cc5f",
  "coordinates_json": {
    "leftEye": [-0.188720703125, 0.0643039279513889],
    "rightEye": [0.171630859375, -0.019002278645833332],
    "mouth": [-0.090576171875, -0.3682861328125],
    "mouthLeft": [-0.175537109375, -0.3738064236111111],
    "mouthRight": [-0.027587890625, -0.3963894314236111],
    "headTop": [0.02685546875, 0.4236246744791667],
    "headRight": [0.299072265625, 0.005086263020833333],
    "headBottom": [-0.082763671875, -0.4586181640625],
    "headLeft": [-0.3, 0.0]
  },
  "mouth_color": [0.4588235294117647, 0.17254901960784313, 0.17254901960784313]
}
