{
    "name": "Moseley",
    "uuid": "6470515e-20ef-4e44-a277-0afc442fc162",
    "coordinates_json": {
        "leftEye": [
            -0.07066666666666667,
            0.17466666666666666
        ],
        "rightEye": [
            0.20533333333333334,
            0.15866666666666668
        ],
        "mouth": [
            0.13066666666666665,
            0.044
        ],
        "mouthLeft": [
            0.017333333333333333,
            -0.05733333333333333
        ],
        "mouthRight": [
            0.20666666666666667,
            -0.072
        ],
        "headTop": [
            0.08933333333333333,
            0.3453333333333333
        ],
        "headRight": [
            0.31866666666666665,
            0.028
        ],
        "headBottom": [
            0.08666666666666667,
            -0.18266666666666667
        ],
        "headLeft": [
            -0.25866666666666666,
            0.09733333333333333
        ]
    },
    "mouth_color": [
        0.5372549019607843,
        0.20392156862745098,
        0.20392156862745098
    ]
}