{
    "name": "Cupcake",
    "uuid": "e68815b2-b517-4b50-8c75-c89447472359",
    "coordinates_json": {
        "leftEye": [
            -0.11866666666666667,
            -0.03333333333333333
        ],
        "rightEye": [
            0.12933333333333333,
            -0.05733333333333333
        ],
        "mouth": [
            -0.06,
            -0.364
        ],
        "mouthLeft": [
            -0.132,
            -0.372
        ],
        "mouthRight": [
            -0.0026666666666666666,
            -0.38533333333333336
        ],
        "headTop": [
            0.052,
            0.232
        ],
        "headRight": [
            0.2826666666666667,
            -0.050666666666666665
        ],
        "headBottom": [
            -0.08533333333333333,
            -0.416
        ],
        "headLeft": [
            -0.20666666666666667,
            -0.04666666666666667
        ]
    },
    "mouth_color": [
        0.5686274509803921,
        0.21568627450980393,
        0.21568627450980393
    ]
}