{
  "name": "Dani",
  "uuid": "030b4c8b-9c29-4ad5-883c-754db51840c3",
  "coordinates_json": {"leftEye":[-0.177001953125,0.1802300347222222],"rightEye":[0.153564453125,0.1827392578125],"mouth":[0.015625,-0.2092013888888889],"mouthLeft":[-0.0732421875,-0.22224934895833334],"mouthRight":[0.09326171875,-0.2257622612847222],"headTop":[-0.0107421875,0.4135877821180556],"headRight":[0.443359375,0.04824490017361111],"headBottom":[0.01025390625,-0.2744411892361111],"headLeft":[-0.417236328125,0.050252278645833336]},
  "mouth_color": [0.27450980392156865, 0.10196078431372549, 0.10196078431372549]
}
