{
    "name": "Wilma",
    "uuid": "b683bd0c-8942-415b-8ec2-9b1734711df3",
    "coordinates_json": {
        "leftEye": [
            -0.18933333333333333,
            0.18933333333333333
        ],
        "rightEye": [
            0.09733333333333333,
            0.16266666666666665
        ],
        "mouth": [
            -0.12,
            -0.09066666666666667
        ],
        "mouthLeft": [
            -0.19333333333333333,
            -0.2
        ],
        "mouthRight": [
            0.0026666666666666666,
            -0.212
        ],
        "headTop": [
            0.0026666666666666666,
            0.37466666666666665
        ],
        "headRight": [
            0.3,
            0.0
        ],
        "headBottom": [
            -0.112,
            -0.248
        ],
        "headLeft": [
            -0.3,
            0.0
        ]
    },
    "mouth_color": [
        0.403921568627451,
        0.2823529411764706,
        0.3058823529411765
    ]
}