{
    "name": "Fonzie",
    "uuid": "34672352-9def-47df-b94e-4e57819b4c4c",
    "coordinates_json": {
        "leftEye": [
            -0.09866666666666667,
            0.112
        ],
        "rightEye": [
            0.13066666666666665,
            0.12266666666666666
        ],
        "mouth": [
            0.034666666666666665,
            -0.14533333333333334
        ],
        "mouthLeft": [
            -0.029333333333333333,
            -0.144
        ],
        "mouthRight": [
            0.08933333333333333,
            -0.13866666666666666
        ],
        "headTop": [
            0.017333333333333333,
            0.30933333333333335
        ],
        "headRight": [
            0.3,
            0.0
        ],
        "headBottom": [
            0.004,
            -0.2733333333333333
        ],
        "headLeft": [
            -0.24133333333333334,
            0.0
        ]
    },
    "mouth_color": [
        0.32941176470588235,
        0.03137254901960784,
        0.03137254901960784
    ]
}