{
    "name": "Snowflake",
    "uuid": "1c02db8a-94f3-4d56-8786-b10fbda94da3",
    "coordinates_json": {
        "leftEye": [
            -0.19066666666666668,
            0.17866666666666667
        ],
        "rightEye": [
            0.17866666666666667,
            0.18266666666666667
        ],
        "mouth": [
            0.012,
            -0.26266666666666666
        ],
        "mouthLeft": [
            -0.10133333333333333,
            -0.25466666666666665
        ],
        "mouthRight": [
            0.10933333333333334,
            -0.248
        ],
        "headTop": [
            0.008,
            0.4866666666666667
        ],
        "headRight": [
            0.3453333333333333,
            0.044
        ],
        "headBottom": [
            0.009333333333333334,
            -0.336
        ],
        "headLeft": [
            -0.31466666666666665,
            0.11733333333333333
        ]
    },
    "mouth_color": [
        0.47843137254901963,
        0.1803921568627451,
        0.1803921568627451
    ]
}