{
  "name": "Wally",
  "uuid": "714b298d-2729-4166-93c1-8caca1c6d5b6",
  "coordinates_json": {
    "leftEye": [-0.131591796875, 0.11699761284722222],
    "rightEye": [0.164306640625, 0.11649576822916667],
    "mouth": [0.000244140625, -0.12037489149305555],
    "mouthLeft": [-0.069091796875, -0.13743760850694445],
    "mouthRight": [0.049560546875, -0.14747450086805555],
    "headTop": [0.03076171875, 0.4366726345486111],
    "headRight": [0.456298828125, 0.024156358506944444],
    "headBottom": [-0.022216796875, -0.3376736111111111],
    "headLeft": [-0.484619140625, 0.017632378472222224]
  },
  "mouth_color": [0.0392156862745098, 0.00392156862745098, 0.00392156862745098]
}
