{
  "name": "Rebel",
  "uuid": "2a52d31f-4e64-4a72-811c-49ad09548ab7",
  "coordinates_json": {
    "leftEye": [-0.09716796875, 0.09993489583333333],
    "rightEye": [0.126708984375, 0.11097547743055555],
    "mouth": [0.03759765625, -0.13041178385416666],
    "mouthLeft": [-0.02880859375, -0.15550401475694445],
    "mouthRight": [0.10400390625, -0.1459689670138889],
    "headTop": [0.0107421875, 0.2785915798611111],
    "headRight": [0.27392578125, 0.007093641493055556],
    "headBottom": [0.039794921875, -0.20719401041666666],
    "headLeft": [-0.27197265625, -0.00043402777777777775]
  },
  "mouth_color": [
    0.26666666666666666,
    0.027450980392156862,
    0.027450980392156862
  ]
}
