{
    "name": "Trogdor",
    "uuid": "bece3111-2b60-45b3-9903-1c91ab845eaf",
    "coordinates_json": {
        "leftEye": [
            -0.264,
            0.025333333333333333
        ],
        "rightEye": [
            0.124,
            -0.014666666666666666
        ],
        "mouth": [
            -0.12,
            -0.16666666666666666
        ],
        "mouthLeft": [
            -0.22933333333333333,
            -0.22533333333333333
        ],
        "mouthRight": [
            0.006666666666666667,
            -0.2653333333333333
        ],
        "headTop": [
            -0.0013333333333333333,
            0.25066666666666665
        ],
        "headRight": [
            0.3,
            0.0
        ],
        "headBottom": [
            -0.124,
            -0.42933333333333334
        ],
        "headLeft": [
            -0.36666666666666664,
            -0.050666666666666665
        ]
    },
    "mouth_color": [
        0.5254901960784314,
        0.2,
        0.2
    ]
}