{
    "name": "Dingle Berry",
    "uuid": "8c43317c-2b3a-4421-88bb-2eb17f499c1b",
    "coordinates_json": {
        "leftEye": [
            -0.12533333333333332,
            0.06133333333333333
        ],
        "rightEye": [
            0.14,
            0.09066666666666667
        ],
        "mouth": [
            0.016,
            -0.09333333333333334
        ],
        "mouthLeft": [
            -0.096,
            -0.172
        ],
        "mouthRight": [
            0.116,
            -0.152
        ],
        "headTop": [
            0.044,
            0.30533333333333335
        ],
        "headRight": [
            0.3,
            0.0
        ],
        "headBottom": [
            0.02266666666666667,
            -0.31066666666666665
        ],
        "headLeft": [
            -0.3,
            0.0
        ]
    },
    "mouth_color": [
        0.3333333333333333,
        0.12549019607843137,
        0.12549019607843137
    ]
}