{
  "name": "Huck",
  "uuid": "e7dcb502-80aa-4229-9846-7ba23dcd11d1",
  "coordinates_json": {
    "leftEye": [-0.115234375, -0.030544704861111112],
    "rightEye": [0.1220703125, -0.06165907118055555],
    "mouth": [-0.067626953125, -0.372802734375],
    "mouthLeft": [-0.11572265625, -0.3768174913194444],
    "mouthRight": [-0.0126953125, -0.3923746744791667],
    "headTop": [0.036865234375, 0.2073296440972222],
    "headRight": [0.30859375, -0.15450032552083334],
    "headBottom": [-0.040283203125, -0.4475775824652778],
    "headLeft": [-0.3, 0.0]
  },
  "mouth_color": [0.20392156862745098, 0.0196078431372549, 0.0196078431372549]
}
