{
  "name": "Herbert",
  "uuid": "99af6399-a89c-4b97-ab83-8af0d0dae559",
  "coordinates_json": {
    "leftEye": [-0.114990234375, 0.11900499131944445],
    "rightEye": [0.171630859375, 0.09893120659722222],
    "mouth": [0.02001953125, -0.1675482855902778],
    "mouthLeft": [-0.058837890625, -0.18159993489583334],
    "mouthRight": [0.083740234375, -0.1841091579861111],
    "headTop": [0.03173828125, 0.2780897352430556],
    "headRight": [0.230712890625, -0.06768120659722222],
    "headBottom": [0.008056640625, -0.2578803168402778],
    "headLeft": [-0.22314453125, 0.019137912326388888]
  },
  "mouth_color": [
    0.023529411764705882,
    0.00392156862745098,
    0.00392156862745098
  ]
}
