{
  "name": "Stefan",
  "uuid": "db85b24f-3612-4d4d-8111-e709a1ffd323",
  "coordinates_json": {
    "leftEye": [-0.117431640625, 0.0025770399305555555],
    "rightEye": [0.158203125, 0.006591796875],
    "mouth": [0.0087890625, -0.11334906684027778],
    "mouthLeft": [-0.048583984375, -0.15550401475694445],
    "mouthRight": [0.07275390625, -0.1424560546875],
    "headTop": [0.036865234375, 0.3900010850694444],
    "headRight": [0.261962890625, -0.028035481770833332],
    "headBottom": [0.03173828125, -0.2573784722222222],
    "headLeft": [-0.221923828125, -0.08223470052083333]
  },
  "mouth_color": [0.36470588235294116, 0.2549019607843137, 0.2784313725490196]
}
