{
    "name": "Petunia",
    "uuid": "479e978b-aa22-4d18-9d8b-d087fa30dfa3",
    "coordinates_json": {
        "leftEye": [
            -0.116,
            0.052
        ],
        "rightEye": [
            0.10266666666666667,
            0.12133333333333333
        ],
        "mouth": [
            0.068,
            -0.15333333333333332
        ],
        "mouthLeft": [
            -0.005333333333333333,
            -0.19866666666666666
        ],
        "mouthRight": [
            0.156,
            -0.14533333333333334
        ],
        "headTop": [
            -0.076,
            0.264
        ],
        "headRight": [
            0.212,
            0.11333333333333333
        ],
        "headBottom": [
            0.084,
            -0.21333333333333335
        ],
        "headLeft": [
            -0.2,
            0.0
        ]
    },
    "mouth_color": [
        0.4980392156862745,
        0.18823529411764706,
        0.18823529411764706
    ]
}