{
  "name": "Remi",
  "uuid": "4a534146-c63a-4d4b-b8eb-91cbb02a988e",
  "coordinates_json": {
    "leftEye": [-0.12939453125, 0.041219075520833336],
    "rightEye": [0.176025390625, 0.1104736328125],
    "mouth": [0.107421875, -0.23429361979166666],
    "mouthLeft": [0.02392578125, -0.2623969184027778],
    "mouthRight": [0.185302734375, -0.2202419704861111],
    "headTop": [-0.000244140625, 0.3061930338541667],
    "headRight": [0.3, 0.0],
    "headBottom": [0.10791015625, -0.3181016710069444],
    "headLeft": [-0.25830078125, -0.013481987847222222]
  },
  "mouth_color": [0.1450980392156863, 0.10196078431372549, 0.10980392156862745]
}
