{
  "name": "Xandra",
  "uuid": "648acb37-bacd-4574-88db-065c9ccae551",
  "coordinates_json": {
    "leftEye": [-0.034912109375, 0.07183159722222222],
    "rightEye": [0.1796875, 0.0833740234375],
    "mouth": [0.15576171875, -0.1444634331597222],
    "mouthLeft": [0.08984375, -0.16102430555555555],
    "mouthRight": [0.197021484375, -0.1514892578125],
    "headTop": [0.01611328125, 0.4517279730902778],
    "headRight": [0.404296875, -0.016493055555555556],
    "headBottom": [0.138671875, -0.2965223524305556],
    "headLeft": [-0.33544921875, -0.0009358723958333334]
  },
  "mouth_color": [
    0.10980392156862745,
    0.011764705882352941,
    0.011764705882352941
  ]
}
