{
    "name": "Buttmunch",
    "uuid": "e1051a8f-c56c-4190-9a6f-9816c844aabe",
    "coordinates_json": {
        "leftEye": [
            -0.14933333333333335,
            0.11866666666666667
        ],
        "rightEye": [
            0.10266666666666667,
            0.21466666666666667
        ],
        "mouth": [
            0.084,
            0.013333333333333334
        ],
        "mouthLeft": [
            -0.12933333333333333,
            -0.010666666666666666
        ],
        "mouthRight": [
            0.16,
            0.021333333333333333
        ],
        "headTop": [
            0.021333333333333333,
            0.2733333333333333
        ],
        "headRight": [
            0.21333333333333335,
            0.058666666666666666
        ],
        "headBottom": [
            0.021333333333333333,
            -0.17466666666666666
        ],
        "headLeft": [
            -0.18,
            0.052
        ]
    },
    "mouth_color": [
        0.403921568627451,
        0.2823529411764706,
        0.3058823529411765
    ]
}