{
    "name": "Filmore",
    "uuid": "7bcda99d-c80b-4cd1-aeed-70325b35c88f",
    "coordinates_json": {
        "leftEye": [
            -0.05466666666666667,
            0.23466666666666666
        ],
        "rightEye": [
            0.18266666666666667,
            0.236
        ],
        "mouth": [
            0.12533333333333332,
            -0.05333333333333334
        ],
        "mouthLeft": [
            0.016,
            -0.10133333333333333
        ],
        "mouthRight": [
            0.192,
            -0.07333333333333333
        ],
        "headTop": [
            -0.009333333333333334,
            0.456
        ],
        "headRight": [
            0.34,
            0.05733333333333333
        ],
        "headBottom": [
            0.144,
            -0.20533333333333334
        ],
        "headLeft": [
            -0.236,
            0.05466666666666667
        ]
    },
    "mouth_color": [
        0.396078431372549,
        0.14901960784313725,
        0.14901960784313725
    ]
}