{
    "name": "Boaz",
    "uuid": "dce1be5e-7db6-46e7-9c28-22bf9c4a4c88",
    "coordinates_json": {
        "leftEye": [
            -0.12533333333333332,
            -0.06933333333333333
        ],
        "rightEye": [
            0.07466666666666667,
            -0.068
        ],
        "mouth": [
            -0.0013333333333333333,
            -0.3426666666666667
        ],
        "mouthLeft": [
            -0.08133333333333333,
            -0.3253333333333333
        ],
        "mouthRight": [
            0.058666666666666666,
            -0.31866666666666665
        ],
        "headTop": [
            -0.04666666666666667,
            0.228
        ],
        "headRight": [
            0.188,
            -0.024
        ],
        "headBottom": [
            0.0026666666666666666,
            -0.3466666666666667
        ],
        "headLeft": [
            -0.24933333333333332,
            -0.04933333333333333
        ]
    },
    "mouth_color": [
        0.4549019607843137,
        0.3176470588235294,
        0.34509803921568627
    ]
}