{
  "name": "James",
  "uuid": "ecfbdc1d-968d-40bd-950d-96135fa6f7cc",
  "coordinates_json": {
    "leftEye": [-0.1337890625, 0.22740342881944445],
    "rightEye": [0.1201171875, 0.2043185763888889],
    "mouth": [-0.03564453125, -0.07872178819444445],
    "mouthLeft": [-0.09765625, -0.08624945746527778],
    "mouthRight": [0.0322265625, -0.09678819444444445],
    "headTop": [0.0224609375, 0.4652777777777778],
    "headRight": [0.1826171875, 0.1476101345486111],
    "headBottom": [-0.0361328125, -0.1389431423611111],
    "headLeft": [-0.19287109375, 0.16768391927083334]
  },
  "mouth_color": [0.3137254901960784, 0.03137254901960784, 0.03137254901960784]
}
