{
    "name": "Chewi",
    "uuid": "6bd5a1ed-ab63-4748-98c4-88c189f560c4",
    "coordinates_json": {
        "leftEye": [
            -0.14666666666666667,
            0.108
        ],
        "rightEye": [
            0.112,
            0.1
        ],
        "mouth": [
            -0.05466666666666667,
            -0.136
        ],
        "mouthLeft": [
            -0.12,
            -0.132
        ],
        "mouthRight": [
            0.030666666666666665,
            -0.13733333333333334
        ],
        "headTop": [
            -0.02266666666666667,
            0.4186666666666667
        ],
        "headRight": [
            0.264,
            -0.044
        ],
        "headBottom": [
            -0.037333333333333336,
            -0.248
        ],
        "headLeft": [
            -0.28933333333333333,
            0.076
        ]
    },
    "mouth_color": [
        0.5254901960784314,
        0.3686274509803922,
        0.4
    ]
}