{
  "name": "Nathan",
  "uuid": "0b4903cd-11bd-4843-b603-9b3bc4215d7e",
  "coordinates_json": {
    "leftEye": [-0.212158203125, 0.1265326605902778],
    "rightEye": [0.0615234375, 0.1069607204861111],
    "mouth": [-0.137451171875, -0.23579915364583334],
    "mouthLeft": [-0.193359375, -0.2483452690972222],
    "mouthRight": [-0.080810546875, -0.2588840060763889],
    "headTop": [0.0, 0.4],
    "headRight": [0.41796875, 0.059285481770833336],
    "headBottom": [-0.134033203125, -0.2965223524305556],
    "headLeft": [-0.430419921875, 0.14208984375]
  },
  "mouth_color": [0.40784313725490196, 0.15294117647058825, 0.15294117647058825]
}
