{
  "name": "Tina",
  "uuid": "79b022da-8d20-4b30-b5ba-3c35166bf4e6",
  "coordinates_json": {
    "leftEye": [-0.05810546875, 0.2078314887152778],
    "rightEye": [0.182373046875, 0.2369384765625],
    "mouth": [0.135009765625, -0.04810926649305555],
    "mouthLeft": [0.0537109375, -0.0666775173611111],
    "mouthRight": [0.20361328125, -0.07520887586805555],
    "headTop": [-0.002197265625, 0.4537353515625],
    "headRight": [0.340576171875, 0.1139865451388889],
    "headBottom": [0.138671875, -0.20869954427083334],
    "headLeft": [-0.3, 0.0]
  },
  "mouth_color": [
    0.023529411764705882,
    0.00392156862745098,
    0.00392156862745098
  ]
}
