{
  "name": "Hardy",
  "uuid": "c59455b0-fc4d-45b1-bb7d-111cf4d828da",
  "coordinates_json": {
    "leftEye": [-0.147705078125, 0.17671712239583334],
    "rightEye": [0.162109375, 0.1701931423611111],
    "mouth": [0.056396484375, -0.09427897135416667],
    "mouthLeft": [-0.013671875, -0.11786566840277778],
    "mouthRight": [0.129150390625, -0.13292100694444445],
    "headTop": [-0.039306640625, 0.3649088541666667],
    "headRight": [0.22900390625, -0.026028103298611112],
    "headBottom": [0.02099609375, -0.246337890625],
    "headLeft": [-0.3, 0.0]
  },
  "mouth_color": [0.0, 0.0, 0.0]
}
