{
  "name": "Bella",
  "uuid": "2a64fa14-311b-46bf-adbc-148bd5a2e991",
  "coordinates_json": {
    "leftEye": [-0.14599609375, 0.15262858072916666],
    "rightEye": [0.163818359375, 0.114990234375],
    "mouth": [-0.02783203125, -0.2709282769097222],
    "mouthLeft": [-0.113037109375, -0.2724338107638889],
    "mouthRight": [0.039794921875, -0.282470703125],
    "headTop": [0.01611328125, 0.4065619574652778],
    "headRight": [0.3, 0.0],
    "headBottom": [-0.03173828125, -0.3452012803819444],
    "headLeft": [-0.3, 0.0]
  },
  "mouth_color": [0.25098039215686274, 0.09411764705882353, 0.09411764705882353]
}
