{
    "name": "Daisy",
    "uuid": "9bf2c66d-d3d3-49ee-8487-4511882b2953",
    "coordinates_json": {
        "leftEye": [
            -0.16666666666666666,
            0.044
        ],
        "rightEye": [
            0.09066666666666667,
            0.0026666666666666666
        ],
        "mouth": [
            -0.10933333333333334,
            -0.36
        ],
        "mouthLeft": [
            -0.17866666666666667,
            -0.356
        ],
        "mouthRight": [
            0.04133333333333333,
            -0.38
        ],
        "headTop": [
            0.0,
            0.4
        ],
        "headRight": [
            0.3,
            0.0
        ],
        "headBottom": [
            -0.112,
            -0.43733333333333335
        ],
        "headLeft": [
            -0.3,
            0.0
        ]
    },
    "mouth_color": [
        0.4745098039215686,
        0.1803921568627451,
        0.1803921568627451
    ]
}