{
    "name": "Muffin",
    "uuid": "86c0c9fa-4363-4bf3-9666-9047d197be66",
    "coordinates_json": {
        "leftEye": [
            -0.136,
            0.056
        ],
        "rightEye": [
            0.164,
            0.12266666666666666
        ],
        "mouth": [
            0.10533333333333333,
            -0.22533333333333333
        ],
        "mouthLeft": [
            0.009333333333333334,
            -0.2693333333333333
        ],
        "mouthRight": [
            0.212,
            -0.21733333333333332
        ],
        "headTop": [
            -0.010666666666666666,
            0.31066666666666665
        ],
        "headRight": [
            0.3,
            0.0
        ],
        "headBottom": [
            0.09866666666666667,
            -0.308
        ],
        "headLeft": [
            -0.25466666666666665,
            -0.017333333333333333
        ]
    },
    "mouth_color": [
        0.28627450980392155,
        0.2,
        0.21568627450980393
    ]
}