{
    "name": "Rona",
    "uuid": "cfcbad77-d2c5-47c5-9929-c8bda826ad28",
    "coordinates_json": {
        "leftEye": [
            -0.128,
            0.228
        ],
        "rightEye": [
            0.128,
            0.208
        ],
        "mouth": [
            -0.03333333333333333,
            -0.07733333333333334
        ],
        "mouthLeft": [
            -0.09733333333333333,
            -0.084
        ],
        "mouthRight": [
            0.037333333333333336,
            -0.09066666666666667
        ],
        "headTop": [
            0.009333333333333334,
            0.46
        ],
        "headRight": [
            0.19866666666666666,
            0.18
        ],
        "headBottom": [
            -0.052,
            -0.148
        ],
        "headLeft": [
            -0.19733333333333333,
            0.19866666666666666
        ]
    },
    "mouth_color": [
        0.5215686274509804,
        0.19607843137254902,
        0.19607843137254902
    ]
}