{
    "name": "Olive",
    "uuid": "d77a93d9-c668-4d83-aad3-5a3db3155566",
    "coordinates_json": {
        "leftEye": [
            -0.11466666666666667,
            0.050666666666666665
        ],
        "rightEye": [
            0.084,
            0.05333333333333334
        ],
        "mouth": [
            -0.012,
            -0.10933333333333334
        ],
        "mouthLeft": [
            -0.09866666666666667,
            -0.13733333333333334
        ],
        "mouthRight": [
            0.056,
            -0.144
        ],
        "headTop": [
            -0.012,
            0.19866666666666666
        ],
        "headRight": [
            0.16133333333333333,
            0.017333333333333333
        ],
        "headBottom": [
            0.0,
            -0.21333333333333335
        ],
        "headLeft": [
            -0.19866666666666666,
            -0.006666666666666667
        ]
    },
    "mouth_color": [
        0.5686274509803921,
        0.396078431372549,
        0.43137254901960786
    ]
}