{
    "name": "Jowls",
    "uuid": "1124e65a-5e6e-40aa-84ae-95727e98fd32",
    "coordinates_json": {
        "leftEye": [
            -0.168,
            0.16133333333333333
        ],
        "rightEye": [
            0.156,
            0.12266666666666666
        ],
        "mouth": [
            -0.03333333333333333,
            -0.1
        ],
        "mouthLeft": [
            -0.12666666666666668,
            -0.14933333333333335
        ],
        "mouthRight": [
            0.06,
            -0.19466666666666665
        ],
        "headTop": [
            0.0,
            0.4
        ],
        "headRight": [
            0.2693333333333333,
            0.06266666666666666
        ],
        "headBottom": [
            -0.037333333333333336,
            -0.27066666666666667
        ],
        "headLeft": [
            -0.24133333333333334,
            0.012
        ]
    },
    "mouth_color": [
        0.0784313725490196,
        0.027450980392156862,
        0.027450980392156862
    ]
}