{
    "name": "Kitty",
    "uuid": "54592bd3-b339-4a43-b590-dd42d73ed39c",
    "coordinates_json": {
        "leftEye": [
            -0.12933333333333333,
            0.14133333333333334
        ],
        "rightEye": [
            0.19066666666666668,
            0.148
        ],
        "mouth": [
            0.02,
            -0.22133333333333333
        ],
        "mouthLeft": [
            -0.06266666666666666,
            -0.22
        ],
        "mouthRight": [
            0.12,
            -0.24533333333333332
        ],
        "headTop": [
            0.03866666666666667,
            0.3546666666666667
        ],
        "headRight": [
            0.312,
            0.010666666666666666
        ],
        "headBottom": [
            0.025333333333333333,
            -0.31466666666666665
        ],
        "headLeft": [
            -0.2786666666666667,
            0.029333333333333333
        ]
    },
    "mouth_color": [
        0.5568627450980392,
        0.21176470588235294,
        0.21176470588235294
    ]
}