{
  "name": "Shelby",
  "uuid": "e49e6b24-1002-43e5-87c4-791c3306cbeb",
  "coordinates_json": {
    "leftEye": [-0.1201171875, 0.06480577256944445],
    "rightEye": [0.107666015625, 0.1295437282986111],
    "mouth": [0.067626953125, -0.1489800347222222],
    "mouthLeft": [0.017822265625, -0.1795925564236111],
    "mouthRight": [0.12353515625, -0.1444634331597222],
    "headTop": [-0.071533203125, 0.2670491536458333],
    "headRight": [0.203369140625, 0.08989800347222222],
    "headBottom": [0.086669921875, -0.20267740885416666],
    "headLeft": [-0.17724609375, -0.0962863498263889]
  },
  "mouth_color": [
    0.2196078431372549,
    0.023529411764705882,
    0.023529411764705882
  ]
}
