{
  "name": "Gretel",
  "uuid": "3f72e273-0836-4b67-9b46-b78582acad09",
  "coordinates_json": {
    "leftEye": [-0.03857421875, -0.07771809895833333],
    "rightEye": [0.155029296875, -0.016493055555555556],
    "mouth": [0.151611328125, -0.300537109375],
    "mouthLeft": [0.109375, -0.3095703125],
    "mouthRight": [0.1923828125, -0.2975260416666667],
    "headTop": [-0.093994140625, 0.3056911892361111],
    "headRight": [0.246826171875, -0.04710557725694445],
    "headBottom": [0.162353515625, -0.3301459418402778],
    "headLeft": [-0.2216796875, -0.1028103298611111]
  },
  "mouth_color": [0.39215686274509803, 0.14901960784313725, 0.14901960784313725]
}
