{
  "name": "Claudia",
  "uuid": "a2cb8f07-58af-4d9f-be19-aa0a4efb025b",
  "coordinates_json": {"leftEye":[-0.1103515625,0.23844401041666666],"rightEye":[0.232421875,0.3463406032986111],"mouth":[0.311767578125,-0.0340576171875],"mouthLeft":[0.234375,-0.0646701388888889],"mouthRight":[0.376708984375,-0.025526258680555556],"headTop":[0.082763671875,0.4512261284722222],"headRight":[0.426513671875,-0.012478298611111112],"headBottom":[0.309326171875,-0.1901312934027778],"headLeft":[-0.47265625,0.0015733506944444445]},
  "mouth_color": [0.0196078431372549, 0.0, 0.0]
}
