{
    "name": "Pumpkin",
    "uuid": "7db7102a-3ee1-427a-afa0-d9fa5e505b25",
    "coordinates_json": {
        "leftEye": [
            -0.12533333333333332,
            0.09733333333333333
        ],
        "rightEye": [
            0.17066666666666666,
            0.06133333333333333
        ],
        "mouth": [
            -0.012,
            -0.3293333333333333
        ],
        "mouthLeft": [
            -0.08933333333333333,
            -0.32666666666666666
        ],
        "mouthRight": [
            0.06133333333333333,
            -0.33066666666666666
        ],
        "headTop": [
            0.0,
            0.4
        ],
        "headRight": [
            0.3,
            0.0
        ],
        "headBottom": [
            0.0,
            -0.4
        ],
        "headLeft": [
            -0.3,
            0.0
        ]
    },
    "mouth_color": [
        0.47843137254901963,
        0.1803921568627451,
        0.1803921568627451
    ]
}