{
    "name": "Pooper",
    "uuid": "f4a9eced-7861-4320-ae65-9fd57eebb4da",
    "coordinates_json": {
        "leftEye": [
            -0.092,
            0.24933333333333332
        ],
        "rightEye": [
            0.23733333333333334,
            0.36133333333333334
        ],
        "mouth": [
            0.30933333333333335,
            -0.03866666666666667
        ],
        "mouthLeft": [
            0.19333333333333333,
            -0.096
        ],
        "mouthRight": [
            0.37866666666666665,
            -0.052
        ],
        "headTop": [
            0.017333333333333333,
            0.45466666666666666
        ],
        "headRight": [
            0.412,
            0.17733333333333334
        ],
        "headBottom": [
            0.3453333333333333,
            -0.16933333333333334
        ],
        "headLeft": [
            -0.3,
            0.0
        ]
    },
    "mouth_color": [
        0.4745098039215686,
        0.1803921568627451,
        0.1803921568627451
    ]
}