{
    "name": "Sport  Pack",
    "uuid": "db9bd4a4-00fb-4626-a6d0-1fef8744843a",
    "coordinates_json": {
        "leftEye": [
            -0.19466666666666665,
            0.050666666666666665
        ],
        "rightEye": [
            0.176,
            -0.016
        ],
        "mouth": [
            -0.07333333333333333,
            -0.36133333333333334
        ],
        "mouthLeft": [
            -0.2,
            -0.384
        ],
        "mouthRight": [
            0.005333333333333333,
            -0.424
        ],
        "headTop": [
            0.04666666666666667,
            0.44
        ],
        "headRight": [
            0.376,
            0.006666666666666667
        ],
        "headBottom": [
            -0.09733333333333333,
            -0.476
        ],
        "headLeft": [
            -0.344,
            -0.058666666666666666
        ]
    },
    "mouth_color": [
        0.4745098039215686,
        0.1803921568627451,
        0.1803921568627451
    ]
}