{
    "name": "Buttercup",
    "uuid": "6094638a-48c0-46f2-bdee-0b5a741f2ab8",
    "coordinates_json": {
        "leftEye": [
            -0.11466666666666667,
            0.06133333333333333
        ],
        "rightEye": [
            0.12666666666666668,
            0.15733333333333333
        ],
        "mouth": [
            0.06666666666666667,
            -0.15333333333333332
        ],
        "mouthLeft": [
            -0.025333333333333333,
            -0.2
        ],
        "mouthRight": [
            0.11866666666666667,
            -0.15066666666666667
        ],
        "headTop": [
            -0.05333333333333334,
            0.2773333333333333
        ],
        "headRight": [
            0.22533333333333333,
            0.06666666666666667
        ],
        "headBottom": [
            0.1,
            -0.204
        ],
        "headLeft": [
            -0.21333333333333335,
            -0.009333333333333334
        ]
    },
    "mouth_color": [
        0.44313725490196076,
        0.16862745098039217,
        0.16862745098039217
    ]
}