{
    "name": "Bill",
    "uuid": "6385a53e-0f14-4461-a67c-76530fe55684",
    "coordinates_json": {
        "leftEye": [
            -0.10933333333333334,
            0.11733333333333333
        ],
        "rightEye": [
            0.12266666666666666,
            0.14133333333333334
        ],
        "mouth": [
            0.004,
            -0.08266666666666667
        ],
        "mouthLeft": [
            -0.07466666666666667,
            -0.128
        ],
        "mouthRight": [
            0.08666666666666667,
            -0.116
        ],
        "headTop": [
            0.056,
            0.2946666666666667
        ],
        "headRight": [
            0.3,
            0.0
        ],
        "headBottom": [
            0.009333333333333334,
            -0.19866666666666666
        ],
        "headLeft": [
            -0.22933333333333333,
            0.014666666666666666
        ]
    },
    "mouth_color": [
        0.43137254901960786,
        0.30196078431372547,
        0.32941176470588235
    ]
}