{
    "name": "Gus",
    "uuid": "5a709b7f-8eb0-4ea2-b5e5-23cb8dd351a0",
    "coordinates_json": {
        "leftEye": [
            -0.17466666666666666,
            0.15333333333333332
        ],
        "rightEye": [
            0.15733333333333333,
            0.11866666666666667
        ],
        "mouth": [
            -0.03866666666666667,
            -0.10533333333333333
        ],
        "mouthLeft": [
            -0.18133333333333335,
            -0.19333333333333333
        ],
        "mouthRight": [
            0.07733333333333334,
            -0.25066666666666665
        ],
        "headTop": [
            0.0,
            0.4
        ],
        "headRight": [
            0.232,
            -0.0026666666666666666
        ],
        "headBottom": [
            -0.044,
            -0.26666666666666666
        ],
        "headLeft": [
            -0.24,
            0.021333333333333333
        ]
    },
    "mouth_color": [
        0.14901960784313725,
        0.054901960784313725,
        0.054901960784313725
    ]
}