{
  "name": "Copper",
  "uuid": "9a4a5cbb-2330-4c10-b4f3-1794d436680a",
  "coordinates_json": {
    "leftEye": [-0.15087890625, 0.18123372395833334],
    "rightEye": [0.13037109375, 0.1802300347222222],
    "mouth": [-0.00537109375, -0.1810980902777778],
    "mouthLeft": [-0.07080078125, -0.210205078125],
    "mouthRight": [0.049560546875, -0.2212456597222222],
    "headTop": [-0.0029296875, 0.4281412760416667],
    "headRight": [0.2568359375, 0.044731987847222224],
    "headBottom": [-0.01025390625, -0.2598876953125],
    "headLeft": [-0.306884765625, 0.0653076171875]
  },
  "mouth_color": [
    0.12156862745098039,
    0.047058823529411764,
    0.047058823529411764
  ]
}
