{
  "name": "Benjamin",
  "uuid": "ab8f706f-7cee-4867-ac8f-476866d11ced",
  "coordinates_json": {
    "leftEye": [-0.1494140625, 0.08738878038194445],
    "rightEye": [0.2060546875, 0.08244086371527778],
    "mouth": [0.035400390625, -0.2714301215277778],
    "mouthLeft": [-0.0732421875, -0.3060574001736111],
    "mouthRight": [0.114013671875, -0.3026150173611111],
    "headTop": [0.0, 0.4],
    "headRight": [0.3, 0.0],
    "headBottom": [0.045654296875, -0.39380967881944445],
    "headLeft": [-0.3, 0.0]
  },
  "mouth_color": [
    0.4666666666666667,
    0.3254901960784314,
    0.35294117647058826
  ]
}
