{
    "name": "Ka Nui",
    "uuid": "3c5af860-f92f-4704-bb2f-b8a74f254eee",
    "coordinates_json": {
        "leftEye": [
            -0.09733333333333333,
            0.14133333333333334
        ],
        "rightEye": [
            0.19866666666666666,
            0.124
        ],
        "mouth": [
            0.06266666666666666,
            -0.20933333333333334
        ],
        "mouthLeft": [
            -0.04666666666666667,
            -0.22266666666666668
        ],
        "mouthRight": [
            0.15466666666666667,
            -0.23066666666666666
        ],
        "headTop": [
            0.06266666666666666,
            0.37066666666666664
        ],
        "headRight": [
            0.30533333333333335,
            0.04933333333333333
        ],
        "headBottom": [
            0.04,
            -0.276
        ],
        "headLeft": [
            -0.22,
            0.06266666666666666
        ]
    },
    "mouth_color": [
        0.47843137254901963,
        0.1803921568627451,
        0.1803921568627451
    ]
}