{
    "name": "Butters",
    "uuid": "9287c4e6-f8d5-4203-8286-b0ec14500438",
    "coordinates_json": {
        "leftEye": [
            -0.15,
            0.2
        ],
        "rightEye": [
            0.15,
            0.2
        ],
        "mouth": [
            -0.08533333333333333,
            -0.07466666666666667
        ],
        "mouthLeft": [
            -0.16666666666666666,
            -0.10266666666666667
        ],
        "mouthRight": [
            0.021333333333333333,
            -0.11066666666666666
        ],
        "headTop": [
            0.03333333333333333,
            0.41733333333333333
        ],
        "headRight": [
            0.308,
            0.07333333333333333
        ],
        "headBottom": [
            -0.08266666666666667,
            -0.228
        ],
        "headLeft": [
            -0.25066666666666665,
            0.008
        ]
    },
    "mouth_color": [
        0.5019607843137255,
        0.19215686274509805,
        0.19215686274509805
    ]
}