{
    "name": "Missy",
    "uuid": "9f9da5ff-b5e7-4b3d-8198-38b231d4c963",
    "coordinates_json": {
        "leftEye": [
            -0.11333333333333333,
            0.18266666666666667
        ],
        "rightEye": [
            0.092,
            0.18
        ],
        "mouth": [
            -0.013333333333333334,
            -0.02
        ],
        "mouthLeft": [
            -0.06933333333333333,
            -0.030666666666666665
        ],
        "mouthRight": [
            0.04533333333333334,
            -0.028
        ],
        "headTop": [
            -0.010666666666666666,
            0.4693333333333333
        ],
        "headRight": [
            0.28933333333333333,
            0.08666666666666667
        ],
        "headBottom": [
            -0.012,
            -0.14666666666666667
        ],
        "headLeft": [
            -0.2773333333333333,
            0.07066666666666667
        ]
    },
    "mouth_color": [
        0.5450980392156862,
        0.20784313725490197,
        0.20784313725490197
    ]
}