{
  "name": "Mia",
  "uuid": "9f7cf3fc-6449-4de2-8d91-9d806dce37c9",
  "coordinates_json": {
    "leftEye": [-0.109375, 0.11649576822916667],
    "rightEye": [0.124267578125, 0.10645887586805555],
    "mouth": [-0.009765625, -0.11836751302083333],
    "mouthLeft": [-0.06689453125, -0.1314154730902778],
    "mouthRight": [0.046142578125, -0.13944498697916666],
    "headTop": [0.01904296875, 0.3709309895833333],
    "headRight": [0.3974609375, 0.0562744140625],
    "headBottom": [-0.013427734375, -0.2488471137152778],
    "headLeft": [-0.427001953125, 0.08738878038194445]
  },
  "mouth_color": [0.20784313725490197, 0.0784313725490196, 0.0784313725490196]
}
