{
    "name": "Skipper",
    "uuid": "a0e5f306-7bac-410f-a7ee-b0900cded109",
    "coordinates_json": {
        "leftEye": [
            -0.15,
            0.2
        ],
        "rightEye": [
            0.15,
            0.2
        ],
        "mouth": [
            0.0026666666666666666,
            -0.21866666666666668
        ],
        "mouthLeft": [
            -0.10266666666666667,
            -0.23733333333333334
        ],
        "mouthRight": [
            0.096,
            -0.22666666666666666
        ],
        "headTop": [
            0.0,
            0.4
        ],
        "headRight": [
            0.3,
            0.0
        ],
        "headBottom": [
            -0.004,
            -0.31466666666666665
        ],
        "headLeft": [
            -0.3,
            0.0
        ]
    },
    "mouth_color": [
        0.5098039215686274,
        0.19215686274509805,
        0.19215686274509805
    ]
}