{
    "name": "Charla",
    "uuid": "25bfec2e-62dd-4872-8868-b06206837ca9",
    "coordinates_json": {
        "leftEye": [
            -0.124,
            0.09066666666666667
        ],
        "rightEye": [
            0.11333333333333333,
            0.088
        ],
        "mouth": [
            -0.06,
            -0.17066666666666666
        ],
        "mouthLeft": [
            -0.12666666666666668,
            -0.188
        ],
        "mouthRight": [
            0.05466666666666667,
            -0.188
        ],
        "headTop": [
            0.014666666666666666,
            0.32
        ],
        "headRight": [
            0.3,
            0.0
        ],
        "headBottom": [
            -0.036,
            -0.248
        ],
        "headLeft": [
            -0.3,
            0.0
        ]
    },
    "mouth_color": [
        0.4745098039215686,
        0.1803921568627451,
        0.1803921568627451
    ]
}