{
  "name": "Jacob",
  "uuid": "0b84014c-c8ee-41cc-8a52-18ecdaf95f3b",
  "coordinates_json": {
    "leftEye": [0.0009765625, 0.18123372395833334],
    "rightEye": [0.307861328125, 0.14610460069444445],
    "mouth": [0.277099609375, -0.17557779947916666],
    "mouthLeft": [0.2099609375, -0.2212456597222222],
    "mouthRight": [0.318603515625, -0.2393120659722222],
    "headTop": [0.09375, 0.4020453559027778],
    "headRight": [0.4248046875, -0.04660373263888889],
    "headBottom": [0.29150390625, -0.3898654513888889],
    "headLeft": [-0.3, 0.0]
  },
  "mouth_color": [0.5686274509803921, 0.396078431372549, 0.43137254901960786]
}
