{
    "name": "Sprite",
    "uuid": "ba5d66e6-617f-4ff9-a9aa-a27caae902c2",
    "coordinates_json": {
        "leftEye": [
            -0.108,
            0.13866666666666666
        ],
        "rightEye": [
            0.17466666666666666,
            0.172
        ],
        "mouth": [
            0.06266666666666666,
            -0.092
        ],
        "mouthLeft": [
            -0.021333333333333333,
            -0.104
        ],
        "mouthRight": [
            0.16133333333333333,
            -0.10533333333333333
        ],
        "headTop": [
            0.0,
            0.4
        ],
        "headRight": [
            0.3,
            0.0
        ],
        "headBottom": [
            0.08266666666666667,
            -0.152
        ],
        "headLeft": [
            -0.25466666666666665,
            0.06133333333333333
        ]
    },
    "mouth_color": [
        0.5098039215686274,
        0.19215686274509805,
        0.19215686274509805
    ]
}