{
    "name": "Barky",
    "uuid": "e55a35c1-e92e-431a-af57-e979756a674a",
    "coordinates_json": {
        "leftEye": [
            -0.15333333333333332,
            0.08933333333333333
        ],
        "rightEye": [
            0.19733333333333333,
            0.07733333333333334
        ],
        "mouth": [
            0.037333333333333336,
            -0.2773333333333333
        ],
        "mouthLeft": [
            -0.06266666666666666,
            -0.2986666666666667
        ],
        "mouthRight": [
            0.124,
            -0.308
        ],
        "headTop": [
            0.0,
            0.4
        ],
        "headRight": [
            0.3,
            0.0
        ],
        "headBottom": [
            0.034666666666666665,
            -0.368
        ],
        "headLeft": [
            -0.3,
            0.0
        ]
    },
    "mouth_color": [
        0.5019607843137255,
        0.19215686274509805,
        0.19215686274509805
    ]
}