{
  "name": "Daedra",
  "uuid": "735b0ee1-2187-49e7-b7d1-a68aeb407324",
  "coordinates_json": {
    "leftEye": [-0.13134765625, 0.0924072265625],
    "rightEye": [0.158203125, 0.06831868489583333],
    "mouth": [-0.019775390625, -0.3241238064236111],
    "mouthLeft": [-0.101318359375, -0.3316514756944444],
    "mouthRight": [0.06005859375, -0.3336588541666667],
    "headTop": [0.0, 0.4],
    "headRight": [0.3, 0.0],
    "headBottom": [0.0, -0.4],
    "headLeft": [-0.3, 0.0]
  },
  "mouth_color": [0.5254901960784314, 0.2, 0.2]
}
