{
  "name": "Bosco",
  "uuid": "50f17650-501d-4546-9289-48f9310198f6",
  "coordinates_json": {
    "leftEye": [-0.26513671875, 0.022650824652777776],
    "rightEye": [0.124755859375, -0.009467230902777778],
    "mouth": [-0.123779296875, -0.16102430555555555],
    "mouthLeft": [-0.21240234375, -0.18712022569444445],
    "mouthRight": [-0.035888671875, -0.20970323350694445],
    "headTop": [-0.0341796875, 0.2439643012152778],
    "headRight": [0.299072265625, -0.08775499131944445],
    "headBottom": [-0.09326171875, -0.4470757378472222],
    "headLeft": [-0.355712890625, -0.12840440538194445]
  },
  "mouth_color": [0.00392156862745098, 0.0, 0.0]
}
