{
    "name": "Fart Face",
    "uuid": "e5b81cbf-b77b-42ec-b211-0f638d2bb915",
    "coordinates_json": {
        "leftEye": [
            -0.056,
            0.224
        ],
        "rightEye": [
            0.19066666666666668,
            0.24666666666666667
        ],
        "mouth": [
            0.13466666666666666,
            -0.048
        ],
        "mouthLeft": [
            0.034666666666666665,
            -0.08533333333333333
        ],
        "mouthRight": [
            0.19733333333333333,
            -0.07333333333333333
        ],
        "headTop": [
            0.036,
            0.46
        ],
        "headRight": [
            0.32266666666666666,
            0.07066666666666667
        ],
        "headBottom": [
            0.116,
            -0.208
        ],
        "headLeft": [
            -0.20533333333333334,
            0.11066666666666666
        ]
    },
    "mouth_color": [
        0.3803921568627451,
        0.2627450980392157,
        0.28627450980392155
    ]
}