{
    "name": "Rocket Dog",
    "uuid": "3cb3b081-94e0-4fa5-95a6-92c73a1698ab",
    "coordinates_json": {
        "leftEye": [
            -0.11866666666666667,
            0.236
        ],
        "rightEye": [
            0.10933333333333334,
            0.1
        ],
        "mouth": [
            -0.12666666666666668,
            -0.06266666666666666
        ],
        "mouthLeft": [
            -0.196,
            -0.06
        ],
        "mouthRight": [
            -0.064,
            -0.13066666666666665
        ],
        "headTop": [
            0.050666666666666665,
            0.3413333333333333
        ],
        "headRight": [
            0.20666666666666667,
            -0.04533333333333334
        ],
        "headBottom": [
            -0.15066666666666667,
            -0.152
        ],
        "headLeft": [
            -0.2786666666666667,
            0.172
        ]
    },
    "mouth_color": [
        0.3803921568627451,
        0.0392156862745098,
        0.0392156862745098
    ]
}