{
  "name": "Sasha",
  "uuid": "4d945bbe-0568-4703-b2c9-00198d6b7104",
  "coordinates_json": {
    "leftEye": [-0.120849609375, 0.13707139756944445],
    "rightEye": [0.124267578125, 0.1521267361111111],
    "mouth": [-0.0126953125, -0.065673828125],
    "mouthLeft": [-0.056640625, -0.09879557291666667],
    "mouthRight": [0.040283203125, -0.08976236979166667],
    "headTop": [0.01708984375, 0.4336615668402778],
    "headRight": [0.3, 0.0],
    "headBottom": [0.015869140625, -0.17909071180555555],
    "headLeft": [-0.3, 0.0]
  },
  "mouth_color": [0.3843137254901961, 0.1450980392156863, 0.1450980392156863]
}
