{
  "name": "Barry",
  "uuid": "0b00948c-8a40-4e29-b3b6-690806503470",
  "coordinates_json": {
    "leftEye": [-0.115966796875, 0.114990234375],
    "rightEye": [0.11083984375, 0.20482042100694445],
    "mouth": [0.11181640625, -0.11736382378472222],
    "mouthLeft": [0.0283203125, -0.13492838541666666],
    "mouthRight": [0.17822265625, -0.0782199435763889],
    "headTop": [-0.103271484375, 0.3493516710069444],
    "headRight": [0.360107421875, 0.09441460503472222],
    "headBottom": [0.131103515625, -0.16654459635416666],
    "headLeft": [-0.3837890625, 0.019639756944444444]
  },
  "mouth_color": [
    0.023529411764705882,
    0.00392156862745098,
    0.00392156862745098
  ]
}
