{
    "name": "Gilligan",
    "uuid": "8b2bd851-ef64-427f-b1f6-15c2d608bc0a",
    "coordinates_json": {
        "leftEye": [
            -0.15066666666666667,
            -0.0013333333333333333
        ],
        "rightEye": [
            0.08,
            0.056
        ],
        "mouth": [
            0.032,
            -0.25066666666666665
        ],
        "mouthLeft": [
            -0.05466666666666667,
            -0.2866666666666667
        ],
        "mouthRight": [
            0.12266666666666666,
            -0.25466666666666665
        ],
        "headTop": [
            -0.06,
            0.19733333333333333
        ],
        "headRight": [
            0.21733333333333332,
            -0.032
        ],
        "headBottom": [
            0.056,
            -0.31866666666666665
        ],
        "headLeft": [
            -0.23866666666666667,
            -0.11333333333333333
        ]
    },
    "mouth_color": [
        0.45098039215686275,
        0.17254901960784313,
        0.17254901960784313
    ]
}