{
  "name": "Dean",
  "uuid": "9a74ede6-db96-443a-b631-5b588de966ee",
  "coordinates_json": {
    "leftEye": [-0.166015625, 0.20582411024305555],
    "rightEye": [0.15625, 0.187255859375],
    "mouth": [-0.00341796875, 0.05276150173611111],
    "mouthLeft": [-0.075439453125, 0.025160047743055556],
    "mouthRight": [0.063720703125, 0.023654513888888888],
    "headTop": [0.01318359375, 0.4462076822916667],
    "headRight": [0.27880859375, 0.12803819444444445],
    "headBottom": [-0.027587890625, -0.1414523654513889],
    "headLeft": [-0.271240234375, 0.08638509114583333]
  },
  "mouth_color": [0.44313725490196076, 0.16862745098039217, 0.16862745098039217]
}
