{
    "name": "Dean",
    "uuid": "4f1e280e-d8fb-4d02-bca0-13e706627354",
    "coordinates_json": {
        "leftEye": [
            -0.15,
            0.2
        ],
        "rightEye": [
            0.15,
            0.2
        ],
        "mouth": [
            0.0,
            0.058666666666666666
        ],
        "mouthLeft": [
            -0.10133333333333333,
            -0.036
        ],
        "mouthRight": [
            0.14666666666666667,
            -0.04133333333333333
        ],
        "headTop": [
            0.010666666666666666,
            0.444
        ],
        "headRight": [
            0.26666666666666666,
            0.037333333333333336
        ],
        "headBottom": [
            -0.014666666666666666,
            -0.13466666666666666
        ],
        "headLeft": [
            -0.248,
            0.06933333333333333
        ]
    },
    "mouth_color": [
        0.4627450980392157,
        0.3215686274509804,
        0.34901960784313724
    ]
}