{
  "name": "Dean",
  "uuid": "9a74ede6-db96-443a-b631-5b588de966ee",
  "coordinates_json": {
    "leftEye": [-0.1609375, 0.2015625],
    "rightEye": [0.1609375, 0.1953125],
    "mouth": [-0.0078125, 0.053125],
    "mouthLeft": [-0.09375, 0.0046875],
    "mouthRight": [0.0859375, 0.00625],
    "headTop": [0.0125, 0.4421875],
    "headRight": [0.25625, 0.096875],
    "headBottom": [-0.0203125, -0.11875],
    "headLeft": [-0.2640625, 0.121875]
  },
  "mouth_color": [0.5686274509803921, 0.396078431372549, 0.43137254901960786]
}


