{
    "name": "Murl",
    "uuid": "83911821-d717-42df-95e4-a789eb0f5598",
    "coordinates_json": {
        "leftEye": [
            -0.156,
            0.14266666666666666
        ],
        "rightEye": [
            0.11866666666666667,
            0.14266666666666666
        ],
        "mouth": [
            -0.028,
            -0.18533333333333332
        ],
        "mouthLeft": [
            -0.1,
            -0.232
        ],
        "mouthRight": [
            0.064,
            -0.22
        ],
        "headTop": [
            -0.004,
            0.38133333333333336
        ],
        "headRight": [
            0.256,
            0.032
        ],
        "headBottom": [
            -0.024,
            -0.25733333333333336
        ],
        "headLeft": [
            -0.24266666666666667,
            0.028
        ]
    },
    "mouth_color": [
        0.14901960784313725,
        0.10196078431372549,
        0.11372549019607843
    ]
}