{
    "name": "Jesper",
    "uuid": "01fef882-6cd0-4392-bd73-4e1387d8a277",
    "coordinates_json": {
        "leftEye": [
            -0.15066666666666667,
            0.264
        ],
        "rightEye": [
            0.12133333333333333,
            0.2853333333333333
        ],
        "mouth": [
            0.005333333333333333,
            0.030666666666666665
        ],
        "mouthLeft": [
            -0.07066666666666667,
            -0.028
        ],
        "mouthRight": [
            0.092,
            -0.03866666666666667
        ],
        "headTop": [
            -0.02,
            0.432
        ],
        "headRight": [
            0.23333333333333334,
            0.030666666666666665
        ],
        "headBottom": [
            0.04933333333333333,
            -0.14
        ],
        "headLeft": [
            -0.24133333333333334,
            0.144
        ]
    },
    "mouth_color": [
        0.4196078431372549,
        0.29411764705882354,
        0.3176470588235294
    ]
}