{
    "name": "Whiskey",
    "uuid": "272e1321-0a06-4f5f-a4be-25ad42b8d69a",
    "coordinates_json": {
        "leftEye": [
            -0.104,
            0.21333333333333335
        ],
        "rightEye": [
            0.1,
            0.23466666666666666
        ],
        "mouth": [
            0.048,
            -0.0013333333333333333
        ],
        "mouthLeft": [
            -0.02666666666666667,
            -0.032
        ],
        "mouthRight": [
            0.11066666666666666,
            -0.021333333333333333
        ],
        "headTop": [
            0.004,
            0.38133333333333336
        ],
        "headRight": [
            0.168,
            0.017333333333333333
        ],
        "headBottom": [
            0.02666666666666667,
            -0.10533333333333333
        ],
        "headLeft": [
            -0.16933333333333334,
            0.084
        ]
    },
    "mouth_color": [
        0.4549019607843137,
        0.17254901960784313,
        0.17254901960784313
    ]
}