{
    "name": "Jetto",
    "uuid": "9afa0848-7609-4614-8a1e-6c42e9c24716",
    "coordinates_json": {
        "leftEye": [
            -0.112,
            0.10266666666666667
        ],
        "rightEye": [
            0.124,
            0.11066666666666666
        ],
        "mouth": [
            -0.009333333333333334,
            -0.12
        ],
        "mouthLeft": [
            -0.07866666666666666,
            -0.12266666666666666
        ],
        "mouthRight": [
            0.056,
            -0.13333333333333333
        ],
        "headTop": [
            0.0,
            0.4
        ],
        "headRight": [
            0.2733333333333333,
            0.04933333333333333
        ],
        "headBottom": [
            -0.02266666666666667,
            -0.276
        ],
        "headLeft": [
            -0.23466666666666666,
            0.04133333333333333
        ]
    },
    "mouth_color": [
        0.5686274509803921,
        0.396078431372549,
        0.43137254901960786
    ]
}