{
    "name": "Rocket 5000",
    "uuid": "6f0e244e-dd2a-406e-a2f9-ab94461c1be7",
    "coordinates_json": {
        "leftEye": [
            -0.1,
            0.08266666666666667
        ],
        "rightEye": [
            0.07466666666666667,
            0.064
        ],
        "mouth": [
            -0.05466666666666667,
            -0.148
        ],
        "mouthLeft": [
            -0.10266666666666667,
            -0.124
        ],
        "mouthRight": [
            0.0026666666666666666,
            -0.15466666666666667
        ],
        "headTop": [
            0.017333333333333333,
            0.30666666666666664
        ],
        "headRight": [
            0.14533333333333334,
            0.04666666666666667
        ],
        "headBottom": [
            -0.010666666666666666,
            -0.168
        ],
        "headLeft": [
            -0.18533333333333332,
            0.09733333333333333
        ]
    },
    "mouth_color": [
        0.5019607843137255,
        0.34901960784313724,
        0.3803921568627451
    ]
}