{
  "name": "Samuel",
  "uuid": "ce20170d-b7e8-422f-8ad7-efc792f64f62",
  "coordinates_json": {
    "leftEye": [-0.17724609375, 0.15865071614583334],
    "rightEye": [0.152587890625, 0.1240234375],
    "mouth": [-0.04296875, -0.11284722222222222],
    "mouthLeft": [-0.124755859375, -0.1314154730902778],
    "mouthRight": [0.024658203125, -0.14546712239583334],
    "headTop": [0.0, 0.4],
    "headRight": [0.264892578125, -0.023518880208333332],
    "headBottom": [-0.056884765625, -0.2649061414930556],
    "headLeft": [-0.3, 0.0]
  },
  "mouth_color": [0.5686274509803921, 0.396078431372549, 0.43137254901960786]
}
