{
    "name": "Spike",
    "uuid": "5a02d321-8256-41cd-a6bf-a49dab936f9d",
    "coordinates_json": {
        "leftEye": [
            -0.07466666666666667,
            -0.013333333333333334
        ],
        "rightEye": [
            0.14266666666666666,
            0.050666666666666665
        ],
        "mouth": [
            0.076,
            -0.128
        ],
        "mouthLeft": [
            0.013333333333333334,
            -0.17066666666666666
        ],
        "mouthRight": [
            0.124,
            -0.136
        ],
        "headTop": [
            -0.030666666666666665,
            0.2853333333333333
        ],
        "headRight": [
            0.3,
            0.04133333333333333
        ],
        "headBottom": [
            0.08666666666666667,
            -0.2
        ],
        "headLeft": [
            -0.228,
            -0.068
        ]
    },
    "mouth_color": [
        0.45098039215686275,
        0.3137254901960784,
        0.3411764705882353
    ]
}