{
    "name": "Belle",
    "uuid": "c4de4fef-9dee-4906-b94c-168653652a72",
    "coordinates_json": {
        "leftEye": [
            -0.15,
            0.2
        ],
        "rightEye": [
            0.15,
            0.2
        ],
        "mouth": [
            -0.036,
            -0.18266666666666667
        ],
        "mouthLeft": [
            -0.132,
            -0.26666666666666666
        ],
        "mouthRight": [
            0.03866666666666667,
            -0.27466666666666667
        ],
        "headTop": [
            -0.0013333333333333333,
            0.26266666666666666
        ],
        "headRight": [
            0.3333333333333333,
            -0.013333333333333334
        ],
        "headBottom": [
            -0.04,
            -0.3973333333333333
        ],
        "headLeft": [
            -0.332,
            0.04133333333333333
        ]
    },
    "mouth_color": [
        0.5686274509803921,
        0.21568627450980393,
        0.21568627450980393
    ]
}