{
  "name": "Snow",
  "uuid": "956988a8-ff89-4ea9-8588-4bc728480f41",
  "coordinates_json": {
    "leftEye": [-0.2, 0.2],
    "rightEye": [0.2, 0.2],
    "mouth": [-0.004579518636067724, -0.24205881754557293],
    "mouthLeft": [-0.10457951863606772, -0.24205881754557293],
    "mouthRight": [0.09542048136393227, -0.24205881754557293],
    "headTop": [0.0, 0.4],
    "headRight": [0.3, 0.0],
    "headBottom": [0.0, -0.4],
    "headLeft": [-0.3, 0.0]
  },
  "mouth_color": [
    0.3137254901960784,
    0.21568627450980393,
    0.23529411764705882
  ]
}
