{
    "name": "Turbo",
    "uuid": "83d95dc1-a111-439a-b0fd-1cc466d224e8",
    "coordinates_json": {
        "leftEye": [
            0.03866666666666667,
            -0.028
        ],
        "rightEye": [
            0.24533333333333332,
            0.004
        ],
        "mouth": [
            0.19333333333333333,
            -0.30533333333333335
        ],
        "mouthLeft": [
            0.09733333333333333,
            -0.29333333333333333
        ],
        "mouthRight": [
            0.23466666666666666,
            -0.2866666666666667
        ],
        "headTop": [
            0.12933333333333333,
            0.284
        ],
        "headRight": [
            0.4706666666666667,
            -0.08933333333333333
        ],
        "headBottom": [
            0.18,
            -0.3426666666666667
        ],
        "headLeft": [
            -0.13866666666666666,
            -0.036
        ]
    },
    "mouth_color": [
        0.41568627450980394,
        0.1568627450980392,
        0.1568627450980392
    ]
}