{
  "name": "Jasper",
  "uuid": "6cc3370a-866e-4d11-8cdc-7dbfbf726bb6",
  "coordinates_json": {
    "leftEye": [-0.14990234375, 0.2725694444444444],
    "rightEye": [0.11474609375, 0.2770860460069444],
    "mouth": [0.003173828125, 0.018636067708333332],
    "mouthLeft": [-0.071044921875, -0.022515190972222224],
    "mouthRight": [0.06494140625, -0.0205078125],
    "headTop": [-0.0146484375, 0.4186062282986111],
    "headRight": [0.347900390625, 0.20933702256944445],
    "headBottom": [0.001220703125, -0.08574761284722222],
    "headLeft": [-0.43603515625, 0.2098388671875]
  },
  "mouth_color": [0.3764705882352941, 0.1450980392156863, 0.1450980392156863]
}
