{
    "name": "Lilly",
    "uuid": "aede7970-e402-49ec-8e5d-ddbff3bbb084",
    "coordinates_json": {
        "leftEye": [
            -0.224,
            0.017333333333333333
        ],
        "rightEye": [
            0.18533333333333332,
            0.005333333333333333
        ],
        "mouth": [
            -0.034666666666666665,
            -0.19866666666666666
        ],
        "mouthLeft": [
            -0.16666666666666666,
            -0.3
        ],
        "mouthRight": [
            0.088,
            -0.32266666666666666
        ],
        "headTop": [
            0.009333333333333334,
            0.248
        ],
        "headRight": [
            0.3,
            0.0
        ],
        "headBottom": [
            -0.05333333333333334,
            -0.39466666666666667
        ],
        "headLeft": [
            -0.308,
            -0.042666666666666665
        ]
    },
    "mouth_color": [
        0.2901960784313726,
        0.027450980392156862,
        0.027450980392156862
    ]
}