{
    "name": "Horst",
    "uuid": "731b0642-f065-44ef-a4e0-c7aa69ab1411",
    "coordinates_json": {
        "leftEye": [
            -0.14666666666666667,
            0.14266666666666666
        ],
        "rightEye": [
            0.168,
            0.12533333333333332
        ],
        "mouth": [
            -0.017333333333333333,
            -0.26
        ],
        "mouthLeft": [
            -0.10133333333333333,
            -0.2786666666666667
        ],
        "mouthRight": [
            0.04933333333333333,
            -0.2946666666666667
        ],
        "headTop": [
            0.0,
            0.4
        ],
        "headRight": [
            0.29333333333333333,
            0.030666666666666665
        ],
        "headBottom": [
            -0.03866666666666667,
            -0.3506666666666667
        ],
        "headLeft": [
            -0.26266666666666666,
            0.025333333333333333
        ]
    },
    "mouth_color": [
        0.5215686274509804,
        0.19607843137254902,
        0.19607843137254902
    ]
}