{
  "name": "Fiona",
  "uuid": "7004cfb4-631d-4288-830e-1c0ddd368184",
  "coordinates_json": {
    "leftEye": [-0.118408203125, 0.2570122612847222],
    "rightEye": [0.177490234375, 0.2660454644097222],
    "mouth": [0.053466796875, 0.07584635416666667],
    "mouthLeft": [-0.0166015625, 0.014119466145833334],
    "mouthRight": [0.135498046875, 0.018134223090277776],
    "headTop": [0.0, 0.4],
    "headRight": [0.337158203125, 0.15413411458333334],
    "headBottom": [0.0546875, -0.12890625],
    "headLeft": [-0.27587890625, 0.12904188368055555]
  },
  "mouth_color": [
    0.027450980392156862,
    0.00392156862745098,
    0.00392156862745098
  ]
}
