{
  "name": "Tico",
  "uuid": "92ebbcd9-1cb0-460a-b253-72ec71d0ae57",
  "coordinates_json": {
    "leftEye": [-0.125, 0.0640625],
    "rightEye": [0.134375, 0.0875],
    "mouth": [-0.0015625, -0.10625],
    "mouthLeft": [-0.075, -0.15],
    "mouthRight": [0.0828125, -0.1453125],
    "headTop": [0.003125, 0.29375],
    "headRight": [0.359375, 0.0015625],
    "headBottom": [-0.003125, -0.2609375],
    "headLeft": [-0.3546875, 0.0203125]
  },
  "mouth_color": [0.41568627450980394, 0.1568627450980392, 0.1568627450980392]
}
