{
  "name": "Tico",
  "uuid": "92ebbcd9-1cb0-460a-b253-72ec71d0ae57",
  "coordinates_json": {
    "leftEye": [-0.166748046875, 0.053765190972222224],
    "rightEye": [0.09375, 0.013115776909722222],
    "mouth": [-0.109619140625, -0.3512234157986111],
    "mouthLeft": [-0.172607421875, -0.3502197265625],
    "mouthRight": [-0.044677734375, -0.3768174913194444],
    "headTop": [0.013916015625, 0.4442003038194444],
    "headRight": [0.37548828125, -0.012980143229166666],
    "headBottom": [-0.090087890625, -0.4455702039930556],
    "headLeft": [-0.33984375, -0.0019395616319444445]
  },
  "mouth_color": [0.3607843137254902, 0.13725490196078433, 0.13725490196078433]
}
