{
    "name": "Ellie",
    "uuid": "44f9999c-3309-4d07-8c92-ff269eab1e56",
    "coordinates_json": {
        "leftEye": [
            -0.108,
            0.20933333333333334
        ],
        "rightEye": [
            0.11333333333333333,
            0.22933333333333333
        ],
        "mouth": [
            0.05333333333333334,
            0.0013333333333333333
        ],
        "mouthLeft": [
            -0.034666666666666665,
            -0.04133333333333333
        ],
        "mouthRight": [
            0.112,
            -0.044
        ],
        "headTop": [
            -0.017333333333333333,
            0.36
        ],
        "headRight": [
            0.184,
            0.07866666666666666
        ],
        "headBottom": [
            0.030666666666666665,
            -0.112
        ],
        "headLeft": [
            -0.19733333333333333,
            0.14666666666666667
        ]
    },
    "mouth_color": [
        0.42745098039215684,
        0.1607843137254902,
        0.1607843137254902
    ]
}