{
    "name": "Hudson",
    "uuid": "8d3e75ef-c256-4bda-9c96-c036cdbf9ee5",
    "coordinates_json": {
        "leftEye": [
            -0.21066666666666667,
            0.12
        ],
        "rightEye": [
            0.06533333333333333,
            0.10133333333333333
        ],
        "mouth": [
            -0.13333333333333333,
            -0.24266666666666667
        ],
        "mouthLeft": [
            -0.192,
            -0.25466666666666665
        ],
        "mouthRight": [
            -0.06,
            -0.26
        ],
        "headTop": [
            0.0,
            0.4
        ],
        "headRight": [
            0.24133333333333334,
            0.029333333333333333
        ],
        "headBottom": [
            -0.124,
            -0.30266666666666664
        ],
        "headLeft": [
            -0.3,
            0.0
        ]
    },
    "mouth_color": [
        0.5686274509803921,
        0.396078431372549,
        0.43137254901960786
    ]
}