{
  "name": "Sadie",
  "uuid": "31e47353-ef15-4976-8b7f-82aa1ba7446d",
  "coordinates_json": {
    "leftEye": [-0.19384765625, 0.1445990668402778],
    "rightEye": [0.086181640625, 0.14510091145833334],
    "mouth": [-0.090576171875, -0.21923828125],
    "mouthLeft": [-0.135009765625, -0.23128255208333334],
    "mouthRight": [-0.026123046875, -0.2352973090277778],
    "headTop": [-0.01025390625, 0.4436984592013889],
    "headRight": [0.3, 0.0],
    "headBottom": [-0.06591796875, -0.2965223524305556],
    "headLeft": [-0.3, 0.0]
  },
  "mouth_color": [0.45098039215686275, 0.17254901960784313, 0.17254901960784313]
}
