{
    "name": "Luna",
    "uuid": "34762fff-629e-4015-a2dc-f3dabb7250e6",
    "coordinates_json": {
        "leftEye": [
            -0.04933333333333333,
            -0.10933333333333334
        ],
        "rightEye": [
            0.16533333333333333,
            -0.04666666666666667
        ],
        "mouth": [
            0.15866666666666668,
            -0.356
        ],
        "mouthLeft": [
            0.052,
            -0.37066666666666664
        ],
        "mouthRight": [
            0.2,
            -0.336
        ],
        "headTop": [
            0.008,
            0.18266666666666667
        ],
        "headRight": [
            0.31066666666666665,
            -0.016
        ],
        "headBottom": [
            0.196,
            -0.432
        ],
        "headLeft": [
            -0.19333333333333333,
            -0.12133333333333333
        ]
    },
    "mouth_color": [
        0.4549019607843137,
        0.3176470588235294,
        0.34509803921568627
    ]
}