{
    "name": "Mildred",
    "uuid": "53bc7ce4-5b87-48bb-833c-23d6897ff9b9",
    "coordinates_json": {
        "leftEye": [
            -0.12666666666666668,
            0.058666666666666666
        ],
        "rightEye": [
            0.144,
            0.08
        ],
        "mouth": [
            0.008,
            -0.1
        ],
        "mouthLeft": [
            -0.07733333333333334,
            -0.15333333333333332
        ],
        "mouthRight": [
            0.11466666666666667,
            -0.164
        ],
        "headTop": [
            0.030666666666666665,
            0.3253333333333333
        ],
        "headRight": [
            0.3,
            0.0
        ],
        "headBottom": [
            0.029333333333333333,
            -0.31733333333333336
        ],
        "headLeft": [
            -0.3,
            0.0
        ]
    },
    "mouth_color": [
        0.33725490196078434,
        0.03529411764705882,
        0.03529411764705882
    ]
}