{
    "name": "Dogmotron",
    "uuid": "6b63b272-340d-47ae-b1af-d44e58fc4fd7",
    "coordinates_json": {
        "leftEye": [
            -0.14533333333333334,
            0.188
        ],
        "rightEye": [
            0.13066666666666665,
            0.168
        ],
        "mouth": [
            -0.008,
            -0.18533333333333332
        ],
        "mouthLeft": [
            -0.10133333333333333,
            -0.21866666666666668
        ],
        "mouthRight": [
            0.07466666666666667,
            -0.236
        ],
        "headTop": [
            0.014666666666666666,
            0.436
        ],
        "headRight": [
            0.232,
            0.025333333333333333
        ],
        "headBottom": [
            -0.009333333333333334,
            -0.25866666666666666
        ],
        "headLeft": [
            -0.22933333333333333,
            0.07466666666666667
        ]
    },
    "mouth_color": [
        0.14901960784313725,
        0.10196078431372549,
        0.11372549019607843
    ]
}