{
  "name": "Roscoe",
  "uuid": "da959935-f45b-4200-90b1-713021299e6e",
  "coordinates_json": {
    "leftEye": [-0.11181640625, 0.15614149305555555],
    "rightEye": [0.163818359375, 0.1666802300347222],
    "mouth": [0.057861328125, -0.08524576822916667],
    "mouthLeft": [-0.02001953125, -0.09929741753472222],
    "mouthRight": [0.134033203125, -0.09678819444444445],
    "headTop": [0.0, 0.4],
    "headRight": [0.322265625, 0.06982421875],
    "headBottom": [0.06982421875, -0.15901692708333334],
    "headLeft": [-0.28955078125, 0.06279839409722222]
  },
  "mouth_color": [0.1843137254901961, 0.0196078431372549, 0.0196078431372549]
}
