{
  "name": "Rippley",
  "uuid": "b527e86a-6312-45d1-be9e-72fb719cbf6f",
  "coordinates_json": {
    "leftEye": [-0.10302734375, 0.21435546875],
    "rightEye": [0.109130859375, 0.22941080729166666],
    "mouth": [0.052490234375, -0.0019395616319444445],
    "mouthLeft": [-0.0009765625, -0.022013346354166668],
    "mouthRight": [0.1083984375, -0.015489366319444444],
    "headTop": [-0.020263671875, 0.3849826388888889],
    "headRight": [0.377197265625, 0.10896809895833333],
    "headBottom": [0.0478515625, -0.101806640625],
    "headLeft": [-0.3857421875, 0.059285481770833336]
  },
  "mouth_color": [
    0.24313725490196078,
    0.023529411764705882,
    0.023529411764705882
  ]
}
