{
    "name": "Blondie",
    "uuid": "66bb3947-6db0-4862-ac88-7eafa029baf6",
    "coordinates_json": {
        "leftEye": [
            -0.192,
            0.132
        ],
        "rightEye": [
            0.08666666666666667,
            0.14266666666666666
        ],
        "mouth": [
            -0.09066666666666667,
            -0.22533333333333333
        ],
        "mouthLeft": [
            -0.16666666666666666,
            -0.23866666666666667
        ],
        "mouthRight": [
            0.010666666666666666,
            -0.25333333333333335
        ],
        "headTop": [
            0.029333333333333333,
            0.452
        ],
        "headRight": [
            0.31333333333333335,
            0.058666666666666666
        ],
        "headBottom": [
            -0.10933333333333334,
            -0.31733333333333336
        ],
        "headLeft": [
            -0.29333333333333333,
            -0.012
        ]
    },
    "mouth_color": [
        0.5333333333333333,
        0.37254901960784315,
        0.403921568627451
    ]
}